Type,maximum_budget,maximum_budget_unit
0,4.00E+03,GgCO2e
1,2545.988359,GgCO2e
2,2263.100764,GgCO2e
3,1980.213168,GgCO2e
4,1697.325573,GgCO2e
5,1414.437977,GgCO2e
6,1131.550382,GgCO2e
7,848.6627864,GgCO2e
8,565.7751909,GgCO2e
9,282.8875955,GgCO2e
10,2.83E-11,GgCO2e