Type,maximum_budget,maximum_budget_unit
0,4.00E+03,GgCO2e
1,1271.253046,GgCO2e
2,1130.002707,GgCO2e
3,988.7523688,GgCO2e
4,847.5020304,GgCO2e
5,706.251692,GgCO2e
6,565.0013536,GgCO2e
7,423.7510152,GgCO2e
8,282.5006768,GgCO2e
9,141.2503384,GgCO2e
10,1.41E-11,GgCO2e