Type,maximum_budget,maximum_budget_unit
0,1.00E+03,GgCO2e
1,763.7450514,GgCO2e
2,678.8844902,GgCO2e
3,594.0239289,GgCO2e
4,509.1633676,GgCO2e
5,424.3028063,GgCO2e
6,339.4422451,GgCO2e
7,254.5816838,GgCO2e
8,169.7211225,GgCO2e
9,84.86056127,GgCO2e
10,8.49E-15,GgCO2e