Type,maximum_budget,maximum_budget_unit
0,2.00E+03,GgCO2e
1,1119.971457,GgCO2e
2,995.5301843,GgCO2e
3,871.0889113,GgCO2e
4,746.6476382,GgCO2e
5,622.2063652,GgCO2e
6,497.7650922,GgCO2e
7,373.3238191,GgCO2e
8,248.8825461,GgCO2e
9,124.441273,GgCO2e
10,1.24E-11,GgCO2e