Type,maximum_budget,maximum_budget_unit
0,1.00E+03,GgCO2e
1,828.2531579,GgCO2e
2,736.2250292,GgCO2e
3,644.1969006,GgCO2e
4,552.1687719,GgCO2e
5,460.1406433,GgCO2e
6,368.1125146,GgCO2e
7,276.084386,GgCO2e
8,184.0562573,GgCO2e
9,92.02812865,GgCO2e
10,9.20E-12,GgCO2e